<?xml version="1.0" encoding="UTF-8"?>

<beans xmlns="http://www.springframework.org/schema/beans"
    xmlns:xsi="http://www.w3.org/2001/XMLSchema-instance"
    xsi:schemaLocation="http://www.springframework.org/schema/beans
        http://www.springframework.org/schema/beans/spring-beans-3.0.xsd">

	<bean id="proxyHelloBean"
      class="org.springframework.aop.framework.ProxyFactoryBean">
	    <property name="proxyInterfaces">
	        <value>com.example.IHelloWorld</value>
	    </property>
	    <property name="target">
	        <ref bean="helloBean"/>
	    </property>
	    <property name="interceptorNames">
	        <list>
	            <value>theLogger</value>
	        </list>
	    </property>
	</bean>


	<bean id="theLogger"
	    class="org.springframework.aop.support.RegexpMethodPointcutAdvisor">
	    <property name="advice">
	        <ref local="loggingInterceptor"/>
	    </property>
	    <property name="patterns">
	        <value>.*say.*, .*my.*</value>
	    </property>
	</bean>


    <bean id="helloBean" class="com.example.HelloWorld">
        <property name="name" value="Midori"/>
    </bean>
    
    <bean id=" loggingInterceptor"  class="com.example.LogginInterceptor"/>

        
</beans>